label,mode,t0_epoch,self_epoch,exec_ms,netns_ms,relay_ms,launcher_ms,session_ms,app_ms,note
run1,direct,1790612135.827,1790612135.894,67.6,,,,,61.4,
run1,product,1790612139.214,1790612139.511,297.4,70.3,210.1,283.0,249.9,289.6,
run2,product,1790612143.260,1790612143.586,326.4,77.2,176.4,295.1,270.6,322.5,
run2,direct,1790612147.287,1790612147.338,51.3,,,,,33.5,
run3,direct,1790612150.792,1790612150.833,41.4,,,,,27.7,
run3,product,1790612154.171,1790612154.774,603.2,41.0,484.6,588.8,555.3,603.3,
run4,product,1790612158.405,1790612158.733,328.7,76.9,217.7,294.0,262.0,319.3,
run4,direct,1790612162.348,1790612162.391,43.6,,,,,48.7,
run5,product,1790612165.775,1790612166.109,334.8,86.5,228.9,296.1,259.8,328.2,
run5,direct,1790612169.775,1790612169.831,55.4,,,,,34.2,
run6,direct,1790612173.215,1790612173.265,50.0,,,,,54.4,
run6,product,1790612176.642,1790612177.003,360.9,60.2,209.4,316.6,316.6,342.6,
run7,direct,1790612180.785,1790612180.847,61.8,,,,,77.8,
run7,product,1790612184.149,1790612184.488,339.0,78.1,225.3,298.6,262.7,316.4,
run8,direct,1790612188.125,1790612188.191,66.3,,,,,69.6,
run8,product,1790612191.693,1790612192.065,372.1,80.0,290.0,352.4,330.2,357.9,
run9,direct,1790612195.600,1790612195.668,68.3,,,,,75.5,
run9,product,1790612199.091,1790612199.391,300.0,65.7,223.2,282.4,265.3,288.0,
run10,direct,1790612203.068,1790612203.126,57.6,,,,,71.8,
run10,product,1790612206.453,1790612206.758,304.4,70.4,204.3,286.9,253.4,292.4,
